# Names for the cells this project ADDED to assets/icons.png, one per line: cell<TAB>name.
# Cells count from ONE, the way a style file stores them, and start at row 78 - the 77 rows
# above are the game's art, named in icon-names.tsv.
#
# Written by tools/IconBaker from the model pane's exports. Kept out of icon-names.tsv
# because scripts/name-icon-cells.py rewrites that file whole.
1079	AbAeternoDropaoActive
1080	AbAeternoDropaoInactive
1081	ArenaBeastBossMAPActive
1082	ArenaBeastBossMAPInactive
1083	BalbalaMAPActive
1084	BalbalaMAPInactive
1085	BlackJawMapActive
1086	BlackJawMapInactive
1087	BloodKnightBossMAPActive
1088	BloodKnightBossMAPInactive
1089	BloodKnightBossMAP2Active
1090	BloodKnightBossMAP2Inactive
1091	BoneCultistNecromancerBossMAPSOLOActive
1092	BoneCultistNecromancerBossMAPSOLOInactive
1093	CaptainRothBossCASTAWAYActive
1094	CaptainRothBossCASTAWAYInactive
1095	CaptainRothBossMAPActive
1096	CaptainRothBossMAPInactive
1097	CaptainSandstormMAPActive
1098	CaptainSandstormMAPInactive
1099	CarnivorousPlantEaterOldForestMapActive
1100	CarnivorousPlantEaterOldForestMapInactive
1101	CentipedeReactorGuardian1Active
1102	CentipedeReactorGuardian1Inactive
1103	ChimeraUltimatumBossMapActive
1104	ChimeraUltimatumBossMapInactive
1105	CorruptionProcessor1Active
1106	CorruptionProcessor1Inactive
1107	CorruptionProcessor2Active
1108	CorruptionProcessor2Inactive
1109	CrowBellBossMapActive
1110	CrowBellBossMapInactive
1111	DogTraderActive
1112	DogTraderInactive
1113	DoryaniPastMapActive
1114	DoryaniPastMapInactive
1115	DredgeFiendShamanBossMapActive
1116	DredgeFiendShamanBossMapInactive
1117	EzomyteReaperBossMAPActive
1118	EzomyteReaperBossMAPInactive
1119	FallenKnightActive
1120	FallenKnightInactive
1121	FireBeastBossMAPActive
1122	FireBeastBossMAPInactive
1123	ForsakenSonMapActive
1124	ForsakenSonMapInactive
1125	FrozenOneBossMAPActive
1126	FrozenOneBossMAPInactive
1127	FungusBehemothMapActive
1128	FungusBehemothMapInactive
1129	GiantSkeletonSnakeBossMapActive
1130	GiantSkeletonSnakeBossMapInactive
1131	GuillotineExecutionerMapActive
1132	GuillotineExecutionerMapInactive
1133	IcyOwlBossMapActive
1134	IcyOwlBossMapInactive
1135	IgnagdukBogWitchHagBattleMapActive
1136	IgnagdukBogWitchHagBattleMapInactive
1137	IgnagdukBogWitchHagBattleMap2Active
1138	IgnagdukBogWitchHagBattleMap2Inactive
1139	ManorGargoyleBossMapActive
1140	ManorGargoyleBossMapInactive
1141	MechaQueenOfFilfthTierMAPActive
1142	MechaQueenOfFilfthTierMAPInactive
1143	MudBurrowerHeadBossMAPActive
1144	MudBurrowerHeadBossMAPInactive
1145	MudBurrowerHeadBossMAP2Active
1146	MudBurrowerHeadBossMAP2Inactive
1147	MudBurrowerHeadBossMAPcloneActive
1148	MudBurrowerHeadBossMAPcloneInactive
1149	MutantBird2MapActive
1150	MutantBird2MapInactive
1151	OlrothActive
1152	OlrothInactive
1153	PerennialKingHumanBossMAPActive
1154	PerennialKingHumanBossMAPInactive
1155	QuadrillaBossMAPActive
1156	QuadrillaBossMAPInactive
1157	QueenofFilfthBossMapActive
1158	QueenofFilfthBossMapInactive
1159	RathbreakerBossMapActive
1160	RathbreakerBossMapInactive
1161	RitualWendigoBossActive
1162	RitualWendigoBossInactive
1163	RudjaDreadEngineerMAPActive
1164	RudjaDreadEngineerMAPInactive
1165	SaltGolemBossMAPActive
1166	SaltGolemBossMAPInactive
1167	SerpentClanCasterBossMapActive
1168	SerpentClanCasterBossMapInactive
1169	ShakariDuoActive
1170	ShakariDuoInactive
1171	ShakariDuoMAPActive
1172	ShakariDuoMAPInactive
1173	ShakariDuoSTANDALONEActive
1174	ShakariDuoSTANDALONEInactive
1175	ShakariMapActive
1176	ShakariMapInactive
1177	SirenBossActive
1178	SirenBossInactive
1179	SwollenMillerBossMAPActive
1180	SwollenMillerBossMAPInactive
1181	SwollenMillerBossMAPDuoActive
1182	SwollenMillerBossMAPDuoInactive
1183	TangmazuBossActive
1184	TangmazuBossInactive
1185	TitanBossMapActive
1186	TitanBossMapInactive
1187	TwilightOrderGuardBossMapActive
1188	TwilightOrderGuardBossMapInactive
1189	TwilightOrderOverlordMAPActive
1190	TwilightOrderOverlordMAPInactive
1191	UrchinHagBossMapActive
1192	UrchinHagBossMapInactive
1193	VaalStatueBossMAPActive
1194	VaalStatueBossMAPInactive
1195	VaalStatueBossMAP2Active
1196	VaalStatueBossMAP2Inactive
1197	ViperNapuatziAzmeriMapActive
1198	ViperNapuatziAzmeriMapInactive
1199	ViperNapuatziMAPActive
1200	ViperNapuatziMAPInactive
1201	VoodooKingBoss2MAPActive
1202	VoodooKingBoss2MAPInactive
1203	VoranaActive
1204	VoranaInactive
1205	WifeMonsterMapActive
1206	WifeMonsterMapInactive
